mechanical, maritime and materials engineering;Mechanical, Maritime and Materials Engineering (3mE);;;;;;;
applied sciences;Applied Sciences (AS);;;;;;;
civil engineering and geosciences;Civil Engineering and Geosciences (CEG);;;;;;;
electrical engineering, mathematics and computer science;Electrical Engineering, Mathematics & Computer Science (EEMCS);;;;;;;
aerospace engineering;Aerospace Engineering (AE);;;;;;;
technology, policy and management;Technology, Policy and Management (TPM);;;;;;;
architecture and the built environment;Architecture and the Built Environment;;;;;;;
architecture;Architecture and the Built Environment;;;;;;;
otb research institute for the built environment;Architecture and the Built Environment;;;;;;;
industrial design engineering;Industrial Design Engineering (IDE);;;;;;;
delft university of technology;Architecture and the Built Environment;Electrical Engineering, Mathematics & Computer Science (EEMCS);Aerospace Engineering (AE);Applied Sciences (AS);Civil Engineering and Geosciences (CEG);Industrial Design Engineering (IDE);Technology, Policy and Management (TPM);Mechanical, Maritime and Materials Engineering (3mE)
mechanical maritime and materials engineering;Mechanical, Maritime and Materials Engineering (3mE);;;;;;;
otb research institute;Architecture and the Built Environment;;;;;;;
qutech;Electrical Engineering, Mathematics & Computer Science (EEMCS);;;;;;;
otb;Architecture and the Built Environment;;;;;;;
design, engineering and production;Industrial Design Engineering (IDE);;;;;;;
trail;Mechanical, Maritime and Materials Engineering (3mE);;;;;;;
interfaculty reactor institute;Applied Sciences (AS);;;;;;;
information technology and systems;Electrical Engineering, Mathematics & Computer Science (EEMCS);;;;;;;
information systems and technology;Electrical Engineering, Mathematics & Computer Science (EEMCS);;;;;;;
iri;Applied Sciences (AS);;;;;;;
trail netherlands research school for transport, infrastructure and logistics;Mechanical, Maritime and Materials Engineering (3mE);;;;;;;
applied physics;Applied Sciences (AS);;;;;;;
reactor instituut delft;Applied Sciences (AS);;;;;;;
applied sciences / technology, policy and management;Applied Sciences (AS);Technology, Policy and Management (TPM);;;;;;
otb research institute for housing, urban and mobility studies;Architecture and the Built Environment;;;;;;;
civil engineering geosciences;Civil Engineering and Geosciences (CEG);;;;;;;
electrical engineering, aerospace engineering;Aerospace Engineering (AE);Electrical Engineering, Mathematics & Computer Science (EEMCS);;;;;;
civil engineering and geosciences / aerospace engineering;Aerospace Engineering (AE);Civil Engineering and Geosciences (CEG);;;;;;
electrical engineering for the built environment;Architecture and the Built Environment;Electrical Engineering, Mathematics & Computer Science (EEMCS);;;;;;
otb research instiute for the built environment;Architecture and the Built Environment;;;;;;;
otb reserach institute for the built environment;Architecture and the Built Environment;;;;;;;
trail netherlands research school for transport, intrastructure and logistics;Mechanical, Maritime and Materials Engineering (3mE);;;;;;;
civil engineering and geosciences / applied sciences;Civil Engineering and Geosciences (CEG);Applied Sciences (AS);;;;;;
appplied sciences;Applied Sciences (AS);;;;;;;
applied science;Applied Sciences (AS);;;;;;;
technology, policy and mangement;Technology, Policy and Management (TPM);;;;;;;
technology, policy and management, civil engineering and geosciences;Technology, Policy and Management (TPM);Civil Engineering and Geosciences (CEG);;;;;;